model,accuracy_mean,accuracy_std,f1_mean,f1_std
LogisticRegression,0.9583333333333333,0.052704627669472995,0.961017316017316,0.04891585254723637
RandomForest,0.9916666666666668,0.016666666666666653,1.0,0.0
SVM,0.925,0.06666666666666667,0.9264622414622415,0.06340119669317261
